ResNet18,ImageNetA_small
ResNet18,ImageNetSD_small,9.760425567626953,19.947084426879883
ResNet18,ImageNetVal_small,15.127223014831543,17.719097137451172
ResNet18,SignalBlur_small,1.454775094985962
